{
  "model": "DecisionTree",
  "accuracy": 0.7319277108433735,
  "confusion_matrix": [
    [
      148,
      39,
      27
    ],
    [
      17,
      56,
      46
    ],
    [
      18,
      31,
      282
    ]
  ],
  "classification_report": {
    "Dropout": {
      "precision": 0.8087431693989071,
      "recall": 0.6915887850467289,
      "f1-score": 0.7455919395465995,
      "support": 214.0
    },
    "Enrolled": {
      "precision": 0.4444444444444444,
      "recall": 0.47058823529411764,
      "f1-score": 0.45714285714285713,
      "support": 119.0
    },
    "Graduate": {
      "precision": 0.7943661971830986,
      "recall": 0.851963746223565,
      "f1-score": 0.8221574344023324,
      "support": 331.0
    },
    "accuracy": 0.7319277108433735,
    "macro avg": {
      "precision": 0.6825179370088167,
      "recall": 0.6713802555214704,
      "f1-score": 0.6749640770305962,
      "support": 664.0
    },
    "weighted avg": {
      "precision": 0.736287859047983,
      "recall": 0.7319277108433735,
      "f1-score": 0.7320644365213017,
      "support": 664.0
    }
  }
}