{
  "model": "SVM (RBF)",
  "accuracy": 0.7018072289156626,
  "best_params": {
    "C": 1.0,
    "gamma": "scale"
  },
  "confusion_matrix": [
    [
      126,
      65,
      23
    ],
    [
      10,
      81,
      28
    ],
    [
      10,
      62,
      259
    ]
  ],
  "classification_report": {
    "Dropout": {
      "precision": 0.863013698630137,
      "recall": 0.5887850467289719,
      "f1-score": 0.7,
      "support": 214.0
    },
    "Enrolled": {
      "precision": 0.3894230769230769,
      "recall": 0.680672268907563,
      "f1-score": 0.4954128440366973,
      "support": 119.0
    },
    "Graduate": {
      "precision": 0.8354838709677419,
      "recall": 0.7824773413897281,
      "f1-score": 0.8081123244929798,
      "support": 331.0
    },
    "accuracy": 0.7018072289156626,
    "macro avg": {
      "precision": 0.6959735488403186,
      "recall": 0.6839782190087543,
      "f1-score": 0.6678417228432257,
      "support": 664.0
    },
    "weighted avg": {
      "precision": 0.7644148176973163,
      "recall": 0.7018072289156626,
      "f1-score": 0.7172278732643724,
      "support": 664.0
    }
  }
}